{
  "phase": "7",
  "keep_ratio": 0.75,
  "rank_ratio": 0.5,
  "calib_num_sequences": 32,
  "rows": [
    {
      "phase": "7",
      "method": "vanilla_r0.50",
      "model_name": "facebook/opt-125m",
      "device": "cuda:0",
      "dtype": "float16",
      "seed": 42,
      "param_count": 104005632,
      "param_memory_mb": 198.375,
      "analytic_flops_fwd_ratio": 0.7502439024390244,
      "empirical_flops_fwd": 26795311104,
      "calflops_mflops_per_token": null,
      "prefill_ms_mean": 10.850508753458659,
      "prefill_ms_std": 0.057990064457354586,
      "decode_ms_per_token_mean": 10.065510034561157,
      "decode_ms_per_token_std": 0.061128588868199794,
      "throughput_tokens_per_s": 99.34916328793851,
      "prompt_len": 128,
      "gen_tokens": 64,
      "batch_size": 1,
      "ppl_wikitext2": 1837.2103271484375,
      "ppl_ptb": NaN,
      "ppl_c4": 922.3583984375,
      "ppl_seq_len": 512.0,
      "ppl_max_tokens": 30000.0,
      "zero_shot_avg": null,
      "notes": "phase7 vanilla SVD ratio=0.5"
    },
    {
      "phase": "7",
      "method": "actsvd_r0.50",
      "model_name": "facebook/opt-125m",
      "device": "cuda:0",
      "dtype": "float16",
      "seed": 42,
      "param_count": 104005632,
      "param_memory_mb": 198.375,
      "analytic_flops_fwd_ratio": 0.7502439024390244,
      "empirical_flops_fwd": 26795311104,
      "calflops_mflops_per_token": null,
      "prefill_ms_mean": 11.277516746520996,
      "prefill_ms_std": 0.4122852122065263,
      "decode_ms_per_token_mean": 10.10297441482544,
      "decode_ms_per_token_std": 0.17679506538908146,
      "throughput_tokens_per_s": 98.98075150349455,
      "prompt_len": 128,
      "gen_tokens": 64,
      "batch_size": 1,
      "ppl_wikitext2": 87.3724594116211,
      "ppl_ptb": NaN,
      "ppl_c4": 122.61274719238281,
      "ppl_seq_len": 512.0,
      "ppl_max_tokens": 30000.0,
      "zero_shot_avg": null,
      "notes": "phase7 ActSVD ratio=0.5 cov=ridge gate=False suffixes=all calib=32 replaced=72 gated_dense=0"
    },
    {
      "phase": "7",
      "method": "actsvd_gate_r0.50",
      "model_name": "facebook/opt-125m",
      "device": "cuda:0",
      "dtype": "float16",
      "seed": 42,
      "param_count": 104005632,
      "param_memory_mb": 198.375,
      "analytic_flops_fwd_ratio": 0.7502439024390244,
      "empirical_flops_fwd": 26795311104,
      "calflops_mflops_per_token": null,
      "prefill_ms_mean": 8.898389403025309,
      "prefill_ms_std": 0.2516986616078947,
      "decode_ms_per_token_mean": 8.325092315673828,
      "decode_ms_per_token_std": 0.06959279462040774,
      "throughput_tokens_per_s": 120.11878812650266,
      "prompt_len": 128,
      "gen_tokens": 64,
      "batch_size": 1,
      "ppl_wikitext2": 85.84654998779297,
      "ppl_ptb": NaN,
      "ppl_c4": 110.6627426147461,
      "ppl_seq_len": 512.0,
      "ppl_max_tokens": 30000.0,
      "zero_shot_avg": null,
      "notes": "phase7 ActSVD ratio=0.5 cov=ridge gate=True suffixes=all calib=32 replaced=24 gated_dense=48"
    },
    {
      "phase": "7",
      "method": "actsvd_lw_r0.50",
      "model_name": "facebook/opt-125m",
      "device": "cuda:0",
      "dtype": "float16",
      "seed": 42,
      "param_count": 104005632,
      "param_memory_mb": 198.375,
      "analytic_flops_fwd_ratio": 0.7502439024390244,
      "empirical_flops_fwd": 26795311104,
      "calflops_mflops_per_token": null,
      "prefill_ms_mean": 10.92747942606608,
      "prefill_ms_std": 0.10342196270579934,
      "decode_ms_per_token_mean": 10.068358039855957,
      "decode_ms_per_token_std": 0.09425290276720283,
      "throughput_tokens_per_s": 99.32106069743091,
      "prompt_len": 128,
      "gen_tokens": 64,
      "batch_size": 1,
      "ppl_wikitext2": 1423.076416015625,
      "ppl_ptb": NaN,
      "ppl_c4": 1472.0457763671875,
      "ppl_seq_len": 512.0,
      "ppl_max_tokens": 30000.0,
      "zero_shot_avg": null,
      "notes": "phase7 ActSVD ratio=0.5 cov=ledoit_wolf gate=False suffixes=all calib=32 replaced=72 gated_dense=0"
    },
    {
      "phase": "7",
      "method": "actsvd_attn_r0.50",
      "model_name": "facebook/opt-125m",
      "device": "cuda:0",
      "dtype": "float16",
      "seed": 42,
      "param_count": 125239296,
      "param_memory_mb": 238.875,
      "analytic_flops_fwd_ratio": 1.0,
      "empirical_flops_fwd": 32231129088,
      "calflops_mflops_per_token": null,
      "prefill_ms_mean": 9.809305540720622,
      "prefill_ms_std": 0.13664658962436885,
      "decode_ms_per_token_mean": 9.250061559677125,
      "decode_ms_per_token_std": 0.05252204189732327,
      "throughput_tokens_per_s": 108.10738864260112,
      "prompt_len": 128,
      "gen_tokens": 64,
      "batch_size": 1,
      "ppl_wikitext2": 43.9081916809082,
      "ppl_ptb": NaN,
      "ppl_c4": 31.000944137573242,
      "ppl_seq_len": 512.0,
      "ppl_max_tokens": 30000.0,
      "zero_shot_avg": null,
      "notes": "phase7 ActSVD ratio=0.5 cov=ridge gate=False suffixes=attn calib=32 replaced=48 gated_dense=0"
    },
    {
      "phase": "7",
      "method": "actsvd_mlp_r0.50",
      "model_name": "facebook/opt-125m",
      "device": "cuda:0",
      "dtype": "float16",
      "seed": 42,
      "param_count": 104005632,
      "param_memory_mb": 198.375,
      "analytic_flops_fwd_ratio": 0.625304927630509,
      "empirical_flops_fwd": 26795311104,
      "calflops_mflops_per_token": null,
      "prefill_ms_mean": 8.710007445017498,
      "prefill_ms_std": 0.1449543826510648,
      "decode_ms_per_token_mean": 8.342850589752198,
      "decode_ms_per_token_std": 0.09168625201513603,
      "throughput_tokens_per_s": 119.86310784809372,
      "prompt_len": 128,
      "gen_tokens": 64,
      "batch_size": 1,
      "ppl_wikitext2": 85.84654998779297,
      "ppl_ptb": NaN,
      "ppl_c4": 110.6627426147461,
      "ppl_seq_len": 512.0,
      "ppl_max_tokens": 30000.0,
      "zero_shot_avg": null,
      "notes": "phase7 ActSVD ratio=0.5 cov=ridge gate=False suffixes=mlp calib=32 replaced=24 gated_dense=0"
    },
    {
      "phase": "7",
      "method": "actsvd_calib16_r0.50",
      "model_name": "facebook/opt-125m",
      "device": "cuda:0",
      "dtype": "float16",
      "seed": 42,
      "param_count": 104005632,
      "param_memory_mb": 198.375,
      "analytic_flops_fwd_ratio": 0.7502439024390244,
      "empirical_flops_fwd": 26795311104,
      "calflops_mflops_per_token": null,
      "prefill_ms_mean": 11.039061292012532,
      "prefill_ms_std": 0.2021273944205192,
      "decode_ms_per_token_mean": 10.045310497283936,
      "decode_ms_per_token_std": 0.090765814155676,
      "throughput_tokens_per_s": 99.5489388078528,
      "prompt_len": 128,
      "gen_tokens": 64,
      "batch_size": 1,
      "ppl_wikitext2": 90.6251220703125,
      "ppl_ptb": NaN,
      "ppl_c4": 139.52926635742188,
      "ppl_seq_len": 512.0,
      "ppl_max_tokens": 30000.0,
      "zero_shot_avg": null,
      "notes": "phase7 ActSVD ratio=0.5 cov=ridge gate=False suffixes=all calib=16 replaced=72 gated_dense=0"
    },
    {
      "phase": "7",
      "method": "spec_full_k0.75",
      "model_name": "facebook/opt-125m",
      "device": "cuda:0",
      "dtype": "float16",
      "seed": 42,
      "param_count": 104024832,
      "param_memory_mb": 198.41162109375,
      "analytic_flops_fwd_ratio": 0.7504697380307136,
      "empirical_flops_fwd": 26800226304,
      "calflops_mflops_per_token": null,
      "prefill_ms_mean": 10.872149435679118,
      "prefill_ms_std": 0.371434248511326,
      "decode_ms_per_token_mean": 10.187772178649903,
      "decode_ms_per_token_std": 0.09758669993103729,
      "throughput_tokens_per_s": 98.15688675249915,
      "prompt_len": 128,
      "gen_tokens": 64,
      "batch_size": 1,
      "ppl_wikitext2": 3139.700927734375,
      "ppl_ptb": NaN,
      "ppl_c4": 4798.61572265625,
      "ppl_seq_len": 512.0,
      "ppl_max_tokens": 30000.0,
      "zero_shot_avg": null,