{
  "whitening_on_off": {
    "vanilla_c4": 922.3583984375,
    "actsvd_c4": 122.61274719238281
  },
  "latency_gate": {
    "ungated_decode_ms": 10.10297441482544,
    "gated_decode_ms": 8.325092315673828,
    "ungated_c4": 122.61274719238281,
    "gated_c4": 110.6627426147461
  },
  "ledoit_wolf": {
    "ridge_c4": 122.61274719238281,
    "lw_c4": 1472.0457763671875
  },
  "attn_vs_mlp": {
    "attn_c4": 31.000944137573242,
    "mlp_c4": 110.6627426147461,
    "attn_decode_ms": 9.250061559677125,
    "mlp_decode_ms": 8.342850589752198
  },
  "spectral_alloc": {
    "actsvd_c4": 122.61274719238281,
    "spec_full_c4": 4798.61572265625,
    "spec_rho_c4": 140.675048828125,
    "spec_sr_c4": 5405.38525390625
  },
  "calib_size": {
    "calib32_c4": 122.61274719238281,
    "calib16_c4": 139.52926635742188
  }
}
